objID,uniquePspsP2id,detectID,ippObjID,ippDetectID,filterID,surveyID,imageID,randomDetID,dvoRegionID,obsTime,xPos,yPos,xPosErr,yPosErr,pltScale,posAngle,ra,dec,raErr,decErr,extNSigma,zp,telluricExt,expTime,airMass,psfFlux,psfFluxErr,psfMajorFWHM,psfMinorFWHM,psfTheta,psfCore,psfQf,psfQfPerfect,psfChiSq,psfLikelihood,momentXX,momentXY,momentYY,momentR1,momentRH,momentM3C,momentM3S,momentM4C,momentM4S,apFlux,apFluxErr,apFillF,apRadius,kronFlux,kronFluxErr,kronRad,sky,skyErr,infoFlag,infoFlag2,infoFlag3,processingVersion,distance
160663145991974465,3281896140000018,286119405140000017,260412457120191,17,5,0,81217414,0.0326165473392387,60632,56962.194228,2439.5,1182.5,0.003895580070093274,0.003895580070093274,-0.25640198588371277,47.797698974609375,314.59930974,43.88653114,0.0009988340316340327,0.0009988340316340327,-11.210700035095215,23.287599563598633,-0.04112200066447258,30.0,1.0878599882125854,0.04443110153079033,8.134989911923185e-05,3.027630090713501,2.8737199306488037,-38.648101806640625,0.4263570010662079,0.5248540043830872,0.5248540043830872,1.975160002708435,-3.6124300836475734e-29,0.5891000032424927,0.024236099794507027,1.1777199506759644,-999.0,1.0362499952316284,0.09226380288600922,-0.05647769942879677,0.022640399634838104,0.003922400064766407,0.022222399711608887,3.5976601793663576e-05,0.44782599806785583,7.1792497634887695,-999.0,-999.0,-999.0,0.0002826619893312454,1.9789300495176576e-05,35651585,0,0,3,5.8599814881904736e-06
160663145991974465,3287731010000056,195659598010000055,260412457120191,55,5,0,48622501,0.494182895397938,60632,56057.5961659,108.91000366210938,1559.3399658203125,0.0031908100936561823,0.002631109906360507,-0.2556230127811432,5.660170078277588,314.59920454,43.88649272,0.0008156439871527255,0.0006725720013491809,-1.9947400093078613,23.272600173950195,-0.04591500014066696,30.0,1.1862399578094482,0.047116298228502274,6.107210356276482e-05,1.0150500535964966,0.9341340065002441,-31.781700134277344,0.599448025226593,0.8571670055389404,0.5188339948654175,1.9120899438858032,-0.04607100039720535,0.10589399933815002,-0.007120700087398291,0.14318199455738068,6.524509906768799,0.6969559788703918,0.009708140045404434,-0.006364250089973211,-0.010085799731314182,-0.0038697400595992804,0.038751501590013504,5.0291499064769596e-05,0.5506759881973267,2.556230068206787,0.04868340119719505,0.0001337629946647212,16.31130027770996,0.0003060240123886615,1.7520400433568284e-05,102760453,160,34880,3,5.8599814881904736e-06
160663145991974465,3287783010000139,195660446010000138,260412457120191,138,5,0,48623901,0.663313539385156,60632,56057.6046415,110.88600158691406,1562.1700439453125,0.002669439883902669,0.002535539912059903,-0.25559601187705994,5.662360191345215,314.59920301,43.88648638,0.0006822990253567696,0.0006480760057456791,0.29730701446533203,23.270200729370117,-0.04619099944829941,30.0,1.164430022239685,0.047211501747369766,5.745390080846846e-05,1.041100025177002,1.0271300077438354,-8.618789672851562,0.3067460060119629,0.9399179816246033,0.9399179816246033,1.9415199756622314,0.7662320137023926,0.13735200464725494,0.003638119902461767,0.12796199321746826,6.441180229187012,0.6858649849891663,0.008344760164618492,-0.009509730152785778,-0.004872140008956194,-0.00044188799802213907,0.04526099935173988,5.4629599617328495e-05,0.6484090089797974,2.30036997795105,0.0536997988820076,0.00013285600289236754,16.1028995513916,0.00030099600553512573,1.7517999367555603e-05,102760453,128,7374912,3,5.8599814881904736e-06
160663145991974465,3287852030000028,205436465030000027,260412457120191,27,1,0,51145903,0.0978248297216602,60632,56155.3649041,4052.10009765625,2716.860107421875,0.005726720206439495,0.005998630076646805,-0.2555440068244934,35.681400299072266,314.59920439,43.88647518,0.0014634300023317337,0.0015329100424423814,0.1575399935245514,24.479000091552734,-0.09978599846363068,43.0,1.1135799884796143,0.006258250214159489,9.182360372506082e-06,2.125159978866577,2.0199499130249023,-75.158203125,-0.32244300842285156,0.9973710179328918,0.9973710179328918,1.5666899681091309,0.8748189806938171,0.44308000802993774,-0.0028264799620956182,0.4642539918422699,1.5658700466156006,1.0715500116348267,0.005798589903861284,0.019601600244641304,-0.0019685900770127773,0.0010997699573636055,0.006240659859031439,9.379399671161082e-06,0.9136670231819153,4.599800109863281,0.005957500077784061,8.980339771369472e-06,3.914680004119873,6.973320068937028e-06,1.6980700365820667e-06,102760517,128,74483776,3,5.8599814881904736e-06
160663145991974465,3287875030000026,205437519030000025,260412457120191,25,1,0,51147503,0.833644458869141,60632,56155.3754474,4052.0400390625,2720.6298828125,0.004365460015833378,0.004741639830172062,-0.25556400418281555,35.68220138549805,314.5992028,43.88648469,0.0011156500549986959,0.0012117900187149644,-0.058236800134181976,24.485000610351562,-0.10041499882936478,43.0,1.1016700267791748,0.006329089868813753,9.086379577638581e-06,1.6601899862289429,1.4903700351715088,-68.81649780273438,-0.21605800092220306,0.9956650137901306,0.9956650137901306,2.269439935684204,-0.9535599946975708,0.2541010081768036,-0.010572699829936028,0.2763090133666992,1.2567499876022339,0.9390259981155396,0.006508760154247284,0.023233400657773018,-0.00030695900204591453,0.0016118499916046858,0.006235499866306782,9.430729733139742e-06,0.88509601354599,3.577889919281006,0.0058851297944784164,8.7606404122198e-06,3.1418700218200684,7.296449894056423e-06,1.671920017543016e-06,102760517,128,74483776,3,5.8599814881904736e-06
160663145991974465,3287902010000013,205434410010000012,260412457120191,12,2,0,51142701,0.402758452485091,60632,56155.3443494,92.79650115966797,1564.9599609375,0.00276586995460093,0.002886780072003603,-0.2555939853191376,5.65939998626709,314.59920811,43.8864818,0.0007069410057738423,0.0007378450245596468,0.3339399993419647,24.687700271606445,-0.07597099989652634,40.0,1.148300051689148,0.016539599746465683,1.3937799849372823e-05,1.7386800050735474,1.5643600225448608,-62.255401611328125,0.028048399835824966,0.9776350259780884,0.9745460152626038,5.086030006408691,0.7384250164031982,0.3211359977722168,-0.011804400011897087,0.3367510139942169,1.3085700273513794,0.9717289805412292,-0.0077132899314165115,0.0032672600354999304,-0.0032079899683594704,0.0004849650140386075,0.016637999564409256,1.4535000445903279e-05,0.7858279943466187,4.089509963989258,0.01565360091626644,1.3258099897939246e-05,3.271440029144287,1.5641000572941266e-05,2.1065800410724478e-06,102760517,128,7374912,3,5.8599814881904736e-06
160663145991974465,3287943010000014,205435388010000013,260412457120191,13,2,0,51144301,0.86114583244654,60632,56155.354124,94.45610046386719,1565.52001953125,0.0025859898887574673,0.0024805599823594093,-0.25558900833129883,5.661220073699951,314.59919917,43.88648159,0.0006609489792026579,0.0006340040126815438,0.8577859997749329,24.687999725341797,-0.07721199840307236,40.0,1.1297999620437622,0.016329100355505943,1.4085399925534148e-05,1.6120500564575195,1.439650058746338,-38.46179962158203,-0.17583699524402618,0.9683619737625122,0.9642580151557922,4.092050075531006,0.39101099967956543,0.6435649991035461,-0.00993529986590147,0.6955180168151855,1.155500054359436,0.9828010201454163,-0.025017699226737022,-0.025991400703787804,-0.0005102200084365904,0.0008107449975796044,0.016492800787091255,1.4499600183626171e-05,0.7486780285835266,3.578239917755127,0.015443000011146069,1.310439984081313e-05,2.8887600898742676,1.4836099580861628e-05,2.0279899217712227e-06,103809029,128,7374912,3,5.8599814881904736e-06
160663145991974465,3287980010000028,204236888010000027,260412457120191,27,3,0,50429901,0.74368364898831,60632,56143.3691531,98.17639923095703,1549.6800537109375,0.0021078400313854218,0.0021073599345982075,-0.25551900267601013,5.656050205230713,314.59919485,43.88652141,0.0005385919939726591,0.00053847098024562,12.622300148010254,24.579700469970703,-0.06184599921107292,45.0,1.166260004043579,0.017254799604415894,1.5193099898169748e-05,1.1387900114059448,1.1043699979782104,-28.95949935913086,0.3995969891548157,0.9102349877357483,0.22192899882793427,54.16450119018555,1.5916700399024676e-36,0.4917539954185486,0.031548600643873215,0.607990026473999,1.5898499488830566,0.9544000029563904,-0.006629639770835638,-0.09912530332803726,0.009063949808478355,-0.004537059925496578,0.020444100722670555,1.62307005666662e-05,0.6681879758834839,2.8107099533081055,0.020413700491189957,1.5392399291158654e-05,3.9746100902557373,5.912180131417699e-05,3.4228798995172838e-06,640680069,160,34880,3,5.8599814881904736e-06
160663145991974465,3288037010000016,204237961010000015,260412457120191,15,3,0,50431501,0.540316083971705,60632,56143.3798881,100.60199737548828,1547.93994140625,0.0028873500414192677,0.002470379928126931,-0.2555370032787323,5.65792989730835,314.59914459,43.88650327,0.0007378250011242926,0.0006312730256468058,5.464310169219971,24.57900047302246,-0.06365499645471573,45.0,1.1427299976348877,0.01461969967931509,1.538720061944332e-05,1.1222599744796753,1.0552799701690674,45.96950149536133,0.20204900205135345,0.6931099891662598,0.11613199859857559,45.55720138549805,4.646999940405294e-08,0.4709559977054596,0.05889660120010376,0.609745979309082,1.3276499509811401,0.9417489767074585,0.030969899147748947,-0.10919799655675888,0.019838299602270126,-0.014576599933207035,0.010555899702012539,1.1673600056383293e-05,0.595238983631134,2.5553700923919678,0.014290000312030315,1.2888899618701544e-05,3.319119930267334,5.884129859623499e-05,3.2997800190059934e-06,103809029,160,32768,3,5.8599814881904736e-06
160663145991974465,3288097200000019,195657348200000018,260412457120191,18,4,0,48618320,0.871750554881758,60632,56057.5736638,2040.5799560546875,2334.830078125,0.0017349299741908908,0.0017349299741908908,-0.25550198554992676,-24.3085994720459,314.59920003,43.88649622,0.00044327700743451715,0.00044327700743451715,3.503459930419922,24.268299102783203,0.003425000002607703,30.0,1.2610399723052979,0.038488298654556274,3.138399915769696e-05,1.546929955482483,1.439389944076538,-28.66510009765625,0.26511698961257935,0.9991549849510193,0.9991549849510193,5.4411301612854,0.000459256989415735,0.7735009789466858,-0.0012403300497680902,0.8151450157165527,1.5355900526046753,1.0757800340652466,0.023747900500893593,-0.04482949897646904,0.003208660054951906,-0.0024194400757551193,0.040096499025821686,3.188600021530874e-05,0.9127050042152405,3.5770199298858643,0.03824010118842125,3.1182400562101975e-05,3.838979959487915,0.00012048800272168592,7.119489964679815e-06,1177567239,128,34880,3,5.8599814881904736e-06
160663145991974465,3288154200000110,195658550200000109,260412457120191,109,4,0,48620720,0.360965454355781,60632,56057.5856875,2044.3299560546875,2337.699951171875,0.002102749887853861,0.002102749887853861,-0.2555080056190491,-24.30699920654297,314.59925423,43.88653928,0.0005372680025175214,0.0005372680025175214,13.423700332641602,24.262100219726562,-0.00418000016361475,30.0,1.2177900075912476,0.017982399091124535,1.777179932105355e-05,1.1269899606704712,1.0637199878692627,-38.43880081176758,0.20178799331188202,0.9977539777755737,0.4304940104484558,282.9079895019531,0.0,0.23704099655151367,-0.012456599622964859,0.17809100449085236,1.2849299907684326,0.8745549917221069,0.001321460003964603,-0.06329590082168579,-0.010012299753725529,-0.000622134015429765,0.025640899315476418,2.577680061222054e-05,0.8753520250320435,2.555079936981201,0.02498920075595379,2.5871799152810127e-05,3.21232008934021,0.00012051199882989749,6.881040008011041e-06,1713389575,160,34880,3,5.8599814881904736e-06
160663145991974465,3293961200000029,241534491200000028,260412457120191,28,1,0,64174620,0.785247484953373,60632,56516.3451772,317.23199462890625,324.9460144042969,0.003822860075160861,0.004244240000844002,-0.2559260129928589,-3.902559995651245,314.59920166,43.88649248,0.0009783690329641104,0.001086210017092526,-0.1068980023264885,24.452899932861328,-0.10829100012779236,43.0,1.1731699705123901,0.007752370089292526,1.0370399650128093e-05,1.557360053062439,1.377519965171814,-70.80879974365234,-0.005403469782322645,0.9983329772949219,0.9863389730453491,2.466710090637207,-0.914870023727417,0.23463399708271027,-0.009064950048923492,0.26387301087379456,1.345329999923706,0.9293950200080872,-0.004270609933882952,-0.013664799742400646,-0.0025894800201058388,0.0005507059977389872,0.0076044402085244656,1.064020034391433e-05,0.9116089940071106,3.327039957046509,0.0071961102075874805,9.732930266181938e-06,3.363339900970459,5.715010047424585e-06,1.7526699593872763e-06,102760517,128,7374912,3,5.8599814881904736e-06
160663145991974465,3293999200000028,241535577200000027,260412457120191,27,1,0,64176120,0.804883614000756,60632,56516.3560351,324.41900634765625,325.3940124511719,0.004028779920190573,0.004213400185108185,-0.25589698553085327,-3.895940065383911,314.59920303,43.88649179,0.0010309499921277165,0.0010781999444589019,0.05167210102081299,24.454999923706055,-0.10830900073051453,43.0,1.1481300592422485,0.007741889916360378,1.0479399861651473e-05,1.5330300331115723,1.460279941558838,-66.2738037109375,0.011289199814200401,0.9990379810333252,0.9990379810333252,2.301300048828125,0.9587900042533875,0.25552499294281006,-0.0026306200306862593,0.27146100997924805,1.3779000043869019,0.9429370164871216,-2.028800008702092e-05,-0.011175299994647503,0.00258113001473248,-9.55654977587983e-05,0.007575999945402145,1.0609899618430063e-05,0.9021919965744019,3.326659917831421,0.007200770080089569,9.740740097186062e-06,3.4447500705718994,5.598939878836973e-06,1.7288499520873302e-06,102760517,128,7374912,3,5.8599814881904736e-06
160663145991974465,3294033160000013,242248101160000012,260412457120191,12,2,0,64511616,0.98747783153083,60632,56523.4812511,1105.6500244140625,2710.75,0.0024187699891626835,0.0024392700288444757,-0.25589901208877563,116.14800262451172,314.599205,43.88648495,0.0006189619889482856,0.0006242070230655372,2.623879909515381,24.718799591064453,-0.04569699987769127,40.0,1.2088500261306763,0.018063999712467194,1.5317800716729835e-05,1.3874900341033936,1.3676899671554565,40.44449996948242,0.2648099958896637,0.9996770024299622,0.5203800201416016,6.442800045013428,0.008693329989910126,0.6678569912910461,0.017490800470113754,0.6806700229644775,1.4217300415039062,1.0354599952697754,-0.013932899571955204,-0.03136570006608963,0.0019406200153753161,-0.0014564399607479572,0.019277600571513176,1.5699599316576496e-05,0.9018779993057251,3.0707900524139404,0.01828720048069954,1.5126700418477412e-05,3.55433988571167,7.577359792776406e-05,4.0110699046636e-06,103809029,160,2112,3,5.8599814881904736e-06
160663145991974465,3294065160000014,242249075160000013,260412457120191,13,2,0,64513016,0.583255031689308,60632,56523.4909941,1109.47998046875,2707.699951171875,0.002902369946241379,0.0029270199593156576,-0.2558709979057312,116.1510009765625,314.59920977,43.88648088,0.0007426330121234059,0.0007489389972761273,0.7590919733047485,24.710899353027344,-0.050725001841783524,40.0,1.2417800426483154,0.01960650086402893,1.632189923839178e-05,1.6446399688720703,1.6427199840545654,-23.50830078125,0.40675801038742065,0.9997090101242065,0.8694030046463013,3.612790107727051,0.4477980136871338,0.3553279936313629,-0.006860820110887289,0.3631710112094879,1.6178699731826782,1.0363399982452393,-0.0013623200356960297,-0.005221980158239603,0.0025896700099110603,0.0002805090043693781,0.019821299239993095,1.574869929754641e-05,0.9201149940490723,4.093939781188965,0.018844999372959137,1.572660039528273e-05,4.044670104980469,7.751739758532494e-05,3.950869995605899e-06,102760517,128,124782656,3,5.8599814881904736e-06
160663145991974465,3294095160000015,242251192160000014,260412457120191,14,3,0,64516316,0.886811206011857,60632,56523.5121873,1117.3599853515625,2695.93994140625,0.0022358400747179985,0.0021961999591439962,-0.25582700967788696,116.1520004272461,314.59917084,43.88646425,0.0005719870096072555,0.0005618479917757213,3.274669885635376,24.604999542236328,-0.017636999487876892,45.0,1.3325400352478027,0.02496889978647232,1.8546099454397336e-05,1.4357600212097168,1.376960039138794,32.9995002746582,0.4036020040512085,0.8622940182685852,0.30017200112342834,22.767499923706055,0.0010578599758446217,0.8492950201034546,0.010287499986588955,0.8440399765968323,1.6937799453735352,1.1243499517440796,0.011745699681341648,-0.05962980166077614,0.005515129771083593,0.002760410076007247,0.022528400644659996,1.6828100342536345e-05,0.8687210083007812,3.069920063018799,0.02454259991645813,1.7066100554075092e-05,4.234439849853516,7.853440183680505e-05,3.975169875047868e-06,640680069,160,34880,3,5.8599814881904736e-06
160663145991974465,3294161160000017,242250122160000016,260412457120191,16,3,0,64514816,0.0703593437283853,60632,56523.5014929,1114.199951171875,2695.419921875,0.0020868300925940275,0.0020802400540560484,-0.2558189928531647,116.1510009765625,314.59915867,43.8864718,0.0005338499904610217,0.0005321649950928986,5.795690059661865,24.606399536132812,-0.018432000651955605,45.0,1.2831300497055054,0.02373480051755905,1.9019300452782772e-05,1.3531399965286255,1.301859974861145,37.130001068115234,0.3171919882297516,0.8426439762115479,0.28209999203681946,34.06760025024414,6.804179886188422e-09,0.8507260084152222,0.006421490106731653,0.8723769783973694,1.7575600147247314,1.142240047454834,0.024726999923586845,-0.04589470103383064,0.004478820133954287,0.004381259903311729,0.022225700318813324,1.6727399270166643e-05,0.8665099740028381,3.0698299407958984,0.024320900440216064,1.7037400539265946e-05,4.393899917602539,7.558400102425367e-05,3.8119299006211804e-06,640680069,160,32768,3,5.8599814881904736e-06
160663145991974465,3294226030000020,249620432030000019,260412457120191,19,4,0,67165903,0.610899132314044,60632,56597.2046864,1485.4200439453125,3236.469970703125,0.001771489973179996,0.001803699997253716,-0.255840003490448,56.10129928588867,314.59916825,43.8865046,0.0004532189923338592,0.00046145901433192194,8.212459564208984,24.271900177001953,-0.019463999196887016,60.0,1.089169979095459,0.03936870023608208,2.9089600502629764e-05,1.2729899883270264,1.2580900192260742,-59.18159866333008,0.7254840135574341,0.6769430041313171,0.19108599424362183,18.642000198364258,2.166940036763443e-16,1.0797300338745117,0.03727079927921295,1.2029800415039062,2.3011600971221924,1.329699993133545,0.019313300028443336,-0.15822699666023254,0.02089739963412285,-0.003343750024214387,0.024652600288391113,1.790369969967287e-05,0.8178799748420715,3.070080041885376,0.030969800427556038,2.152540037059225e-05,5.752910137176514,6.77639982313849e-05,3.91688990930561e-06,103809157,160,32768,3,5.8599814881904736e-06
160663145991974465,3294294110000009,249618892110000008,260412457120191,8,5,0,67164511,0.351442560880857,60632,56597.1893937,2602.8701171875,723.35302734375,0.002373680006712675,0.00242268992587924,-0.2559039890766144,26.034400939941406,314.5992052,43.88650684,0.0006074350094422698,0.0006199770141392946,3.1331799030303955,23.270299911499023,-0.05469600111246109,80.0,1.0884100198745728,0.05272210016846657,4.585969873005524e-05,2.034179925918579,1.8474400043487549,-0.8970779776573181,1.0210299491882324,0.6754699945449829,0.3005709946155548,8.151320457458496,0.0017292399425059557,1.215109944343567,0.005454530008137226,1.1109700202941895,2.7139999866485596,1.3614200353622437,0.021015800535678864,0.035890400409698486,0.002252670004963875,0.003929529804736376,0.03281699866056442,2.858849984477274e-05,0.8333529829978943,3.070849895477295,0.04284239932894707,4.298150088288821e-05,6.785009860992432,0.0003401830035727471,1.0918700354523025e-05,103809157,160,32768,3,5.8599814881904736e-06
160663145991974465,3295835360000011,231362969360000010,260412457120191,10,5,0,60806136,0.881532919482824,60632,56414.6301654,2263.5400390625,3926.929931640625,0.0015880200080573559,0.0015880200080573559,-0.2565700113773346,19.727800369262695,314.59921318,43.88649948,0.0004074389871675521,0.0004074389871675521,4.262790203094482,23.30299949645996,-0.022355999797582626,80.0,1.1580899953842163,0.04685119912028313,3.496829958749004e-05,1.4637199640274048,1.3734099864959717,-30.874099731445312,0.5705990195274353,0.9985330104827881,0.49263501167297363,20.089399337768555,2.0188699636491947e-05,0.9599320292472839,0.00645247008651495,0.9489219784736633,2.0992701053619385,1.1795200109481812,-0.006503540091216564,0.00587543984875083,0.0038122700061649084,0.0014047400327399373,0.052558399736881256,3.4946700907312334e-05,0.9110810160636902,3.59197998046875,0.053365498781204224,3.965790165239014e-05,5.248179912567139,0.00027620099717751145,1.0005300282500684e-05,1177567239,160,34880,3,5.8599814881904736e-06
160663145991974465,3295887460000022,239544981460000021,260412457120191,21,5,0,63612646,0.743499111145268,60632,56496.4502827,2885.8798828125,799.4359741210938,0.002049270085990429,0.0020676099229604006,-0.25658100843429565,-133.6959991455078,314.5992066,43.88648694,0.000525804003700614,0.0005305110244080424,-4.0540900230407715,22.909500122070312,-0.4145509898662567,80.0,1.0948400497436523,0.058942701667547226,5.5460499424953014e-05,0.9907630085945129,0.9345899820327759,54.21799850463867,0.8327680230140686,0.6822699904441833,0.6776450276374817,2.8921499252319336,-5.0328901124885306e-05,0.6762570142745972,0.011949099600315094,0.7224649786949158,1.8709700107574463,1.2137999534606934,0.03913569822907448,-0.012728800065815449,0.0030920400749891996,-0.004673069808632135,0.03024829924106598,3.2238298445008695e-05,0.8085070252418518,2.565809965133667,0.04018929973244667,4.575179991661571e-05,4.677420139312744,0.0004865259979851544,1.5406400052597746e-05,103809157,128,0,3,5.8599814881904736e-06
160663145991974465,3295954360000018,240739071360000017,260412457120191,17,1,0,63971636,0.628544689741493,60632,56508.3909672,2964.6201171875,4081.8701171875,0.0025069499388337135,0.002335810102522373,-0.2565479874610901,16.18600082397461,314.59919702,43.88648503,0.0006431529764086008,0.0005992479855194688,0.6634160280227661,24.480199813842773,-0.10163900256156921,43.0,1.1242200136184692,0.007191259879618883,9.906390005198773e-06,0.9124040007591248,0.8567780256271362,5.15880012512207,-0.14287599921226501,0.9985020160675049,0.4553239941596985,3.9598000049591064,0.5070639848709106,0.09544459730386734,0.00031313500949181616,0.08810590207576752,1.0292500257492065,0.7114260196685791,0.002547859912738204,-0.00655332999303937,0.004884560126811266,-0.00012026700278511271,0.007237410172820091,1.031909960147459e-05,0.8405370116233826,2.052380084991455,0.0070529598742723465,9.534959644952323e-06,2.5731201171875,6.276589829212753e-06,1.5453599644388305e-06,102760517,160,34880,3,5.8599814881904736e-06
160663145991974465,3296002360000019,240737983360000018,260412457120191,18,1,0,63969936,0.273288597607323,60632,56508.3800934,2961.530029296875,4083.3701171875,0.0025373799726366997,0.0024115699343383312,-0.2565450072288513,16.18470001220703,314.59919198,43.8864838,0.0006509519880637527,0.0006186760147102177,0.8602499961853027,24.478300094604492,-0.10074499994516373,43.0,1.1436100006103516,0.007163640111684799,9.87721978162881e-06,0.9461699724197388,0.8914279937744141,-14.398200035095215,-0.14729000627994537,0.9993219971656799,0.9993219971656799,3.4180901050567627,0.38965100049972534,0.10027199983596802,-0.0020018198993057013,0.09490799903869629,1.076930046081543,0.7308449745178223,-0.0007364249904640019,-0.0028770300559699535,0.007190300151705742,0.0009406390017829835,0.007349180057644844,1.0445200132380705e-05,0.8405370116233826,2.0523600578308105,0.007187750190496445,9.647479600971565e-06,2.692310094833374,6.1151099544076715e-06,1.4530199905493646e-06,102760517,128,7374912,3,5.8599814881904736e-06
160663145991974465,3296040360000019,240740255360000018,260412457120191,18,2,0,63973036,0.909569246610225,60632,56508.4027911,2973.300048828125,4089.3798828125,0.0030082000885158777,0.003171120071783662,-0.25654101371765137,16.187599182128906,314.59921073,43.88648278,0.0007717260159552097,0.000813522026874125,0.6473649740219116,24.699100494384766,-0.08972000330686569,40.0,1.1080600023269653,0.019492199644446373,1.5089400221768301e-05,1.9982199668884277,1.8724900484085083,-69.43240356445312,0.0760975033044815,0.9992690086364746,0.6985610127449036,2.6487700939178467,0.5173959732055664,0.4171060025691986,-0.008508640341460705,0.44131699204444885,1.7341099977493286,1.078969955444336,0.008889979682862759,-0.01722240075469017,0.0011259899474680424,-4.9212998419534415e-05,0.020303500816226006,1.5946299754432403e-05,0.9273939728736877,4.361199855804443,0.019500400871038437,1.5130600331758615e-05,4.335269927978516,1.440920004824875e-05,1.9058099951507756e-06,639631429,160,2112,3,5.8599814881904736e-06
160663145991974465,3296081360000037,240741240360000036,260412457120191,36,2,0,63974636,0.0517499708121177,60632,56508.41265,2974.85009765625,4093.43994140625,0.00249318010173738,0.00249318010173738,-0.25651100277900696,16.18950080871582,314.59919059,43.88651251,0.0006395279779098928,0.0006395279779098928,7.3230299949646,24.71780014038086,-0.07187499850988388,40.0,1.0983099937438965,0.009249480441212654,1.0838500202225987e-05,0.9678919911384583,0.896694004535675,-36.2848014831543,0.13124899566173553,0.9980509877204895,0.1276170015335083,114.84100341796875,2.4243199678655736e-13,0.1436779946088791,-0.005103010218590498,0.1386999934911728,1.320099949836731,0.8132100105285645,0.004775980021804571,-0.023082299157977104,0.0028885200154036283,9.2155700258445e-05,0.013069800101220608,1.2964000234205741e-05,0.8455110192298889,2.0520899295806885,0.013412700034677982,1.2401400454109535e-05,3.3002500534057617,1.4090799595578574e-05,1.8796899894368835e-06,102776839,160,34880,3,5.8599814881904736e-06
160663145991974465,3296146640000041,239851798640000040,260412457120191,40,3,0,63718564,0.317786956501926,60632,56499.5182514,1260.02001953125,2870.6201171875,0.002115329960361123,0.0022462198976427317,-0.2564390003681183,-73.85359954833984,314.59939763,43.88652081,0.0005424550035968423,0.0005760189960710704,19.975400924682617,24.45599937438965,-0.17364299297332764,45.0,1.1380499601364136,0.015778500586748123,1.641329981794115e-05,1.1130499839782715,1.0622600317001343,89.9218978881836,0.1096159964799881,0.7949219942092896,0.2232699990272522,74.22959899902344,0.0,0.2778649926185608,-0.004988709930330515,0.21017999947071075,1.7364399433135986,0.9258570075035095,-0.027100199833512306,-0.0164806991815567,-0.013269299641251564,-0.006463279947638512,0.016273099929094315,1.533700014988426e-05,0.8467040061950684,2.564389944076538,0.019220499321818352,1.7220800145878457e-05,4.341090202331543,0.00010137799836229533,4.71617977382266e-06,639631493,160,0,3,5.8599814881904736e-06
160663145991974465,3296210640000025,239852894640000024,260412457120191,24,3,0,63720164,0.949437128332851,60632,56499.5292146,1259.3399658203125,2873.639892578125,0.001636310014873743,0.001636310014873743,-0.2564449906349182,-73.85209655761719,314.59928446,43.88650598,0.00041962499381043017,0.00041962499381043017,7.013130187988281,24.541200637817383,-0.08742000162601471,45.0,1.1610499620437622,0.021471399813890457,1.651290040172171e-05,1.4568899869918823,1.4211699962615967,-62.094600677490234,0.2348410040140152,0.9987859725952148,0.20920400321483612,123.15399932861328,2.330370054912101e-12,0.3032520115375519,-0.0024399401154369116,0.3150950074195862,1.6361700296401978,0.9940860271453857,-0.0014477099757641554,-0.03999590128660202,0.0021289600990712643,-0.00028137900517322123,0.026943299919366837,1.887620055640582e-05,0.9021919965744019,3.3337900638580322,0.026248399168252945,1.814660026866477e-05,4.090419769287109,8.781009819358587e-05,4.044589786644792e-06,639647751,160,2112,3,5.8599814881904736e-06
160663145991974465,3296266640000056,239857096640000055,260412457120191,55,3,0,63725364,0.706080709310324,60632,56499.5712212,1240.4200439453125,2890.89990234375,0.002562660025432706,0.0025443299673497677,-0.2564530074596405,-73.85009765625,314.59941477,43.8865131,0.0006571999983862042,0.0006525000208057463,16.171899795532227,24.55139923095703,-0.07071699947118759,45.0,1.3016300201416016,0.01373790018260479,1.350840011582477e-05,1.2927000522613525,1.1937700510025024,82.65070343017578,0.08032219856977463,0.8945789933204651,0.14247800409793854,134.10400390625,0.0,0.3144429922103882,0.01240949984639883,0.2588520050048828,1.526859998703003,0.9753689765930176,-0.0402710996568203,-0.06102820113301277,-0.012154700234532356,-0.006449569948017597,0.016552099958062172,1.4760299563931767e-05,0.8602259755134583,2.8209800720214844,0.018410699442029,1.5349000022979453e-05,3.8171401023864746,7.469060074072331e-05,3.733279982043314e-06,639631493,160,2112,3,5.8599814881904736e-06
160663145991974465,3296338250000074,231361175250000073,260412457120191,73,4,0,60804425,0.244505443837964,60632,56414.6121176,3198.14990234375,1959.4200439453125,0.0023368599358946085,0.0027545499615371227,-0.256538987159729,-13.880000114440918,314.59920997,43.8865099,0.0005994960083626211,0.0007066489779390395,0.6679940223693848,24.256799697875977,-0.014961999841034412,60.0,1.2058900594711304,0.06803400069475174,5.202230022405274e-05,0.8776100277900696,0.8494259715080261,-75.06009674072266,0.2269359976053238,0.22524599730968475,0.04197569936513901,62.477699279785156,0.5041379928588867,0.8918480277061462,0.013372099958360195,0.9141809940338135,1.0151400566101074,1.1131999492645264,-0.026662999764084816,-0.09644140303134918,-0.006978270132094622,0.008916540071368217,0.006561450194567442,9.303949809691403e-06,0.5421220064163208,2.052309989929199,0.011157999746501446,1.1630800145212561e-05,2.5378499031066895,7.259999983943999e-05,4.01049010179122e-06,1714421893,160,32768,3,5.8599814881904736e-06
160663145991974465,3296435460000084,239548611460000083,260412457120191,83,4,0,63615246,0.0219193399156624,60632,56496.4864685,2890.81005859375,771.833984375,0.0017541799461469054,0.0023240800946950912,-0.25654199719429016,-133.6909942626953,314.59922065,43.8864763,0.0004500199866015464,0.0005962239811196923,-5.652480125427246,24.192899703979492,-0.07993199676275253,60.0,1.0915199518203735,0.047722700983285904,4.730029831989668e-05,0.913670003414154,0.8275619745254517,44.39189910888672,0.10858400166034698,0.29553699493408203,0.2538999915122986,6.815529823303223,-1.5814899612109912e-08,0.8170880079269409,0.011842300184071064,0.7662670016288757,2.172960042953491,1.3003900051116943,-0.09550189971923828,0.005996330175548792,-0.012764000333845615,0.011986799538135529,0.00866490975022316,1.0994699550792575e-05,0.6117519736289978,2.052340030670166,0.016118699684739113,1.9846400391543284e-05,5.432400226593018,0.00018586100486572832,6.137519903859356e-06,103809157,160,0,3,5.8599814881904736e-06
160663145991974465,3305111020000036,159851606020000035,260412457120191,35,5,0,33769802,0.183993593029672,60632,55699.516246,4307.10009765625,635.0399780273438,0.0021368199959397316,0.0025399900041520596,-0.25550299882888794,-22.944299697875977,314.59919833,43.88648603,0.0005459639942273498,0.0006489750230684876,5.24206018447876,23.06049919128418,-0.2509090006351471,30.0,1.4591000080108643,0.05646980181336403,7.712469960097224e-05,1.0204700231552124,0.8161180019378662,-59.59090042114258,0.04305199906229973,0.7277309894561768,0.29600900411605835,4.5085601806640625,1.5879099635185412e-07,0.1544020026922226,-0.008882570080459118,0.11955700069665909,1.047410011291504,0.6673830151557922,0.028726600110530853,0.030817300081253052,-0.0057032001204788685,0.005191760137677193,0.031084999442100525,4.9510399549035355e-05,0.8106949925422668,2.044029951095581,0.03895200043916702,5.620290176011622e-05,2.6185200214385986,0.0003376789973117411,2.04087991733104e-05,102760581,160,0,3,5.8599814881904736e-06
160663145991974465,3305151020000021,159852766020000020,260412457120191,20,5,0,33771902,0.180278308857492,60632,55699.5278383,4309.16015625,642.2470092773438,0.002301319967955351,0.0023046000860631466,-0.25551098585128784,-22.94300079345703,314.59920496,43.88649169,0.0005880119861103594,0.0005888519808650017,14.130499839782715,23.107999801635742,-0.20569099485874176,30.0,1.3860900402069092,0.05796379968523979,7.721470319665968e-05,1.03656005859375,0.8297340273857117,-42.08729934692383,-0.01001449953764677,0.7008060216903687,0.2585600018501282,4.53518009185791,0.0,0.15568900108337402,-0.007845969870686531,0.1540839970111847,1.12785005569458,0.6417930126190186,0.012340099550783634,0.02367190085351467,0.0010445499792695045,0.005219640210270882,0.029375199228525162,4.7130299208220094e-05,0.7808539867401123,2.0440900325775146,0.03881319984793663,5.47203999303747e-05,2.8196299076080322,0.00028052000561729074,1.8327600628254004e-05,102760581,160,0,3,5.8599814881904736e-06
160663145991974465,3309787340000021,169429188340000020,260412457120191,20,1,0,38060134,0.949699908448104,60632,55795.2921439,3742.179931640625,299.65301513671875,0.0038550999015569687,0.003764099907130003,-0.2571659982204437,-0.5503900051116943,314.59919813,43.88648782,0.0009914010297507048,0.0009679970098659396,0.3651390075683594,24.281299591064453,-0.2615469992160797,43.0,1.2598700523376465,0.008564540185034275,1.1680799616442528e-05,1.4202799797058105,1.301169991493225,33.99509811401367,0.009290790185332298,0.9988420009613037,0.9988420009613037,1.8342399597167969,0.715008020401001,0.23642100393772125,0.007962740026414394,0.23188599944114685,1.332900047302246,0.9160270094871521,-0.00485482020303607,0.0016480199992656708,0.0007796980207785964,0.00012958199658896774,0.008586149662733078,1.2196600437164307e-05,0.9021919965744019,3.3431599140167236,0.008167579770088196,1.1349399755999912e-05,3.3322501182556152,9.275579941459e-06,1.927840003190795e-06,102760517,128,24119360,3,5.8599814881904736e-06
160663145991974465,3309838340000023,169430230340000022,260412457120191,22,1,0,38061834,0.339015975910254,60632,55795.3025593,3744.35009765625,302.3550109863281,0.0043335300870239735,0.004305560141801834,-0.2571850121021271,-0.5490919947624207,314.59919684,43.88648463,0.0011145200114697218,0.0011073299683630466,-0.508696973323822,24.24650001525879,-0.30191001296043396,43.0,1.2221299409866333,0.008477349765598774,1.1754200386349112e-05,1.5337200164794922,1.4798599481582642,35.8760986328125,-0.007829749956727028,0.9989989995956421,0.9989989995956421,1.9555699825286865,-0.6109650135040283,0.2640010118484497,0.0023312799166888,0.26199498772621155,1.3953499794006348,0.9404799938201904,-0.008605550043284893,-0.0053649600595235825,0.002719450043514371,0.0007464520167559385,0.00826776959002018,1.2140400031057652e-05,0.9045850038528442,3.6005899906158447,0.007863979786634445,1.135989987233188e-05,3.488369941711426,9.575290278007742e-06,2.0094000774406595e-06,102760517,128,24119360,3,5.8599814881904736e-06
160663145991974465,3309899340000010,169431400340000009,260412457120191,9,2,0,38063534,0.66481147395895,60632,55795.3142473,3749.39990234375,304.89801025390625,0.0019677900709211826,0.0018304799450561404,-0.25711700320243835,-0.5472599864006042,314.59921016,43.88648782,0.0005059529794380069,0.0004706470062956214,-1.7134100198745728,24.664199829101562,-0.09712199866771698,40.0,1.1864700317382812,0.02157280035316944,1.868800063675735e-05,1.2970900535583496,1.1557999849319458,-15.708700180053711,-0.21349799633026123,0.7641090154647827,0.6403430104255676,9.723730087280273,-0.08663669973611832,0.6236990094184875,0.0035231199581176043,0.5785899758338928,1.521209955215454,1.0846999883651733,-0.01733439974486828,0.003075609914958477,0.00048735798918642104,-0.007604619953781366,0.01306890044361353,1.315709960181266e-05,0.8470730185508728,2.8282899856567383,0.01573069952428341,1.375519968860317e-05,3.803030014038086,1.8951899619423784e-05,2.2239601094042882e-06,640680069,128,32768,3,5.8599814881904736e-06
160663145991974465,3309976340000011,169432408340000010,260412457120191,10,2,0,38065134,0.593808194244102,60632,55795.3243194,3754.639892578125,307.09100341796875,0.0020752600394189358,0.0019173299660906196,-0.25710800290107727,-0.5453780293464661,314.59920913,43.88648883,0.0005335659952834249,0.0004929620190523565,-3.30253005027771,24.668899536132812,-0.0946199968457222,40.0,1.1608699560165405,0.022370899096131325,1.9905799490516074e-05,1.1753599643707275,1.1110299825668335,-20.32740020751953,0.08797209709882736,0.6779199838638306,0.6733850240707397,7.066589832305908,-0.0009581660269759595,0.6645669937133789,0.007595890201628208,0.6680200099945068,1.6627700328826904,1.1473900079727173,-0.006636280100792646,-0.015445499680936337,0.0026483999099582434,-0.007015239913016558,0.01132460031658411,1.2218400115671102e-05,0.8365499973297119,2.8281900882720947,0.014286699704825878,1.3185100215196144e-05,4.156929969787598,1.782440085662529e-05,2.105630073856446e-06,103809157,128,32768,3,5.8599814881904736e-06
160663145991974465,3310045340000055,169329261340000054,260412457120191,54,3,0,37998334,0.399691490828704,60632,55794.2928842,3750.580078125,301.5820007324219,0.002089160028845072,0.0025539700873196125,-0.2570919990539551,-0.5458970069885254,314.59919006,43.88650356,0.0005371060105971992,0.0006566049996763468,-22.48819923400879,24.565200805664062,-0.0511539988219738,45.0,1.2678300142288208,0.052014198154211044,4.374370109871961e-05,0.7998859882354736,0.7359349727630615,9.674850463867188,0.013144800439476967,0.2037310004234314,0.07812819629907608,71.68450164794922,-0.0,0.7166429758071899,0.016265299171209335,0.777571976184845,1.244230031967163,1.1271599531173706,-0.03249270096421242,-0.12307900190353394,0.021208299323916435,0.0120278000831604,0.005158289801329374,8.294930012198165e-06,0.48071300983428955,1.799649953842163,0.010971800424158573,1.1039300261472818e-05,3.1105799674987793,2.641080027387943e-05,2.4106200271489797e-06,103809157,160,32768,3,5.8599814881904736e-06
160663145991974465,3310154340000071,169330354340000070,260412457120191,70,3,0,37999934,0.0160148888975521,60632,55794.303808,3754.1201171875,303.97601318359375,0.0024016299284994602,0.00279722991399467,-0.2570840120315552,-0.5454000234603882,314.59918911,43.88651093,0.0006174209993332624,0.0007191229960881174,-20.397499084472656,24.56399917602539,-0.05414799973368645,45.0,1.2271699905395508,0.04774089902639389,4.43835997430142e-05,0.7530909776687622,0.686335027217865,14.61460018157959,-0.05187330022454262,0.1775899976491928,0.06363239884376526,59.366600036621094,-0.0,0.7620120048522949,0.06368149816989899,0.655305027961731,1.406290054321289,1.1618599891662598,0.00418284023180604,-0.04472510144114494,-0.01956070028245449,0.012349200434982777,0.003766590030863881,7.04516014593537e-06,0.46772098541259766,1.799589991569519,0.009247619658708572,1.0310200195817742e-05,3.5157198905944824,2.5289200493716635e-05,2.374360065005021e-06,640680069,160,32768,3,5.8599814881904736e-06
160663145991974465,3310270350000052,175121168350000051,260412457120191,51,4,0,40863735,0.972694385771355,60632,55852.2118687,893.2579956054688,4181.5400390625,0.002094560069963336,0.002648009918630123,-0.25715699791908264,29.516700744628906,314.59906527,43.88671424,0.0005386309931054711,0.0006809529731981456,40.225101470947266,24.269399642944336,-0.011226000264286995,30.0,1.0962400436401367,0.011992099694907665,1.75298991962336e-05,0.6337630152702332,0.5911030173301697,55.230499267578125,0.27622100710868835,0.7814220190048218,0.10203400254249573,170.53799438476562,0.0,0.41952401399612427,0.04109729826450348,0.3766709864139557,-999.0,0.9134420156478882,0.10110300034284592,-0.27507299184799194,-0.049694400280714035,-0.045443300157785416,0.010383999906480312,1.6536900147912093e-05,0.725039005279541,1.5429400205612183,-999.0,-999.0,-999.0,7.002540223766118e-05,5.630960004054941e-06,640680069,160,32768,3,5.8599814881904736e-06
160663145991974465,3310389350000023,175121667350000022,260412457120191,22,4,0,40864935,0.24941303324831,60632,55852.2168608,893.56298828125,4182.0400390625,0.002779529895633459,0.002779529895633459,-0.2571600079536438,29.51889991760254,314.59909936,43.8866657,0.0007147829746827483,0.0007147829746827483,31.959400177001953,24.271900177001953,-0.008821999654173851,30.0,1.0929700136184692,0.011281699873507023,1.4738199752173387e-05,0.7060570120811462,0.675948977470398,8.570119857788086,0.21649199724197388,0.9982110261917114,0.06695369631052017,393.1099853515625,0.0,0.4140090048313141,0.00040205998811870813,0.38771501183509827,1.4252400398254395,0.7773569822311401,-0.032316599041223526,-0.22255900502204895,-0.04679099842905998,0.0175464004278183,0.017885500565171242,2.150570071535185e-05,0.8315029740333557,1.8001199960708618,0.020914200693368912,2.6109399186680093e-05,3.5631000995635986,7.006929808994755e-05,5.546370175579796e-06,640696327,160,34880,3,5.8599814881904736e-06
160663145991974465,3313943630000027,132246760630000026,260412457120191,26,1,0,20717063,0.489750397847733,60632,55423.4678574,3735.530029296875,2664.050048828125,0.006847430020570755,0.006636579986661673,-0.25623399019241333,-63.85329818725586,314.59921551,43.88649691,0.0017545500304549932,0.0017005200497806072,0.4632450044155121,24.458900451660156,-0.1012440025806427,43.0,1.1448299884796143,0.006641190033406019,9.798919563763775e-06,2.265749931335449,2.1958699226379395,-20.34589958190918,0.0024707301054149866,0.9986960291862488,0.9986960291862488,1.7310800552368164,0.643189013004303,0.6032959818840027,-0.0052575599402189255,0.5784549713134766,1.9182100296020508,1.154860019683838,0.001295160036534071,0.007953190244734287,-6.608170224353671e-05,0.00032071099849417806,0.0067069497890770435,9.788789611775428e-06,0.9342399835586548,5.124690055847168,0.006501560099422932,9.875609976006672e-06,4.795539855957031,6.549959834956098e-06,1.8481599681763328e-06,102760517,128,7342144,3,5.8599814881904736e-06
160663145991974465,3313968630000025,132247923630000024,260412457120191,24,1,0,20718863,0.741388992165578,60632,55423.4794938,3738.179931640625,2664.10009765625,0.0060194400139153,0.005543999839574099,-0.2562209963798523,-63.849700927734375,314.59921694,43.88649764,0.0015423099976032972,0.0014204899780452251,0.8945819735527039,24.46139907836914,-0.09482499957084656,43.0,1.1710599660873413,0.006545839831233025,9.765440154296812e-06,1.959089994430542,1.8145899772644043,-3.584049940109253,0.06262479722499847,0.9990749955177307,0.9990749955177307,1.9164799451828003,0.3710100054740906,0.46434399485588074,-0.004210509825497866,0.4208090007305145,1.737470030784607,1.0795799493789673,-0.007092549931257963,0.008409700356423855,-0.002022119937464595,-4.790410093846731e-05,0.006659930106252432,9.791379852686077e-06,0.935280978679657,4.611979961395264,0.0063968501053750515,9.6681196737336e-06,4.343669891357422,6.774660050723469e-06,1.8374499859419302e-06,102760517,128,7342144,3,5.8599814881904736e-06
160663145991974465,3313996360000019,132232428360000018,260412457120191,18,2,0,20694336,0.431286151922574,60632,55423.324525,4794.22021484375,2268.5400390625,0.0020810000132769346,0.0020810000132769346,-0.2563070058822632,-3.8072900772094727,314.59921121,43.88650381,0.0005333740264177322,0.0005333740264177322,5.045010089874268,24.71739959716797,-0.0551690012216568,40.0,1.2106599807739258,0.013173500075936317,1.2884600437246263e-05,1.120229959487915,1.0769399404525757,-36.95199966430664,0.0879879966378212,0.9972519874572754,0.2257169932126999,37.135799407958984,4.535079938250419e-07,0.4558410048484802,0.0027268200647085905,0.471576988697052,1.2551100254058838,0.9574459791183472,0.011944199912250042,-0.04168219864368439,0.00449535995721817,-0.0005634509725496173,0.015393399633467197,1.4008400285092648e-05,0.8658030033111572,2.563070058822632,0.01489460002630949,1.2762499864038546e-05,3.137769937515259,1.5957899449858814e-05,1.93286996363895e-06,640696327,160,34880,3,5.8599814881904736e-06
160663145991974465,3314055460000007,132233568460000006,260412457120191,6,2,0,20696246,0.172166432414359,60632,55423.3359245,2269.5,3278.5,0.001864159945398569,0.00185976002831012,-0.2562510073184967,-153.69400024414062,314.5992027,43.88648618,0.00047769301454536617,0.0004765659978147596,-3.6043899059295654,24.692899703979492,-0.060479000210762024,40.0,1.1777900457382202,0.0180721003562212,1.707900082692504e-05,1.106410026550293,1.0640900135040283,-35.72740173339844,-0.010418600402772427,0.7246729731559753,0.25018200278282166,3.276279926300049,-0.00031288398895412683,0.5154790282249451,0.0036438500974327326,0.5047969818115234,0.9538609981536865,1.051759958267212,0.016815200448036194,0.016249999403953552,0.005424899980425835,0.00013774700346402824,0.010081999935209751,1.1503700079629198e-05,0.7898799777030945,2.306260108947754,0.01183329988270998,1.1394799912523013e-05,2.3846499919891357,1.4993600416346453e-05,1.9438700746832183e-06,1714421893,160,32768,3,5.8599814881904736e-06
160663145991974465,3314144640000023,133041766640000022,260412457120191,22,2,0,21172564,0.287413195974578,60632,55431.4179027,3053.010009765625,4679.52978515625,0.0030350100714713335,0.0030024999286979437,-0.2562449872493744,-93.84590148925781,314.59921262,43.88649461,0.0007777059799991548,0.0007693750085309148,-0.1572130024433136,24.725200653076172,-0.051208000630140305,40.0,1.102929949760437,0.01614540070295334,1.5231299585138913e-05,1.4805599451065063,1.432669997215271,62.9906005859375,0.6127349734306335,0.9646120071411133,0.8522940278053284,4.262730121612549,-0.8750770092010498,0.2985219955444336,0.0044761598110198975,0.29948699474334717,1.063349962234497,0.9550819993019104,0.0012062600580975413,-0.0024480000138282776,0.0015907699707895517,0.0001428929972462356,0.015482000075280666,1.3963999663246796e-05,0.7243170142173767,3.587430000305176,0.013938800431787968,1.2954399608133826e-05,2.6583800315856934,7.537050259998068e-05,3.849000222544419e-06,639631429,128,2112,3,5.8599814881904736e-06
160663145991974465,3314191640000020,133042957640000019,260412457120191,19,2,0,21174364,0.135571010537046,60632,55431.4298143,3053.989990234375,4679.27978515625,0.0029153700452297926,0.0030100198928266764,-0.25627100467681885,-93.84510040283203,314.59921624,43.88649337,0.0007471229764632881,0.0007713810191489756,0.10425499826669693,24.723800659179688,-0.051396001130342484,40.0,1.1172000169754028,0.015884699299931526,1.4561400348611642e-05,1.577239990234375,1.483139991760254,85.69940185546875,0.32423800230026245,0.9765869975090027,0.902446985244751,3.185529947280884,0.91696697473526,0.2956239879131317,0.0009612850262783468,0.301470011472702,1.0815900564193726,0.9472029805183411,-0.003930259961634874,-0.002483980031684041,-0.0009570610127411783,-0.0001745149929774925,0.01583459973335266,1.4085399925534148e-05,0.7681660056114197,3.587790012359619,0.014366400428116322,1.3189100172894541e-05,2.703969955444336,7.76645028963685e-05,3.922079940821277e-06,102760517,128,124782656,3,5.8599814881904736e-06
160663145991974465,3314240460000013,132835306460000012,260412457120191,12,3,0,21031946,0.503240745983311,60632,55429.353333,2272.89990234375,3321.800048828125,0.0025198599323630333,0.002565339906141162,-0.25616899132728577,-153.6959991455078,314.59920575,43.88648461,0.0006455099792219698,0.0006571600097231567,1.3656500577926636,24.590499877929688,-0.039730001240968704,45.0,1.1127300262451172,0.03121349960565567,1.870320011221338e-05,1.9964799880981445,1.953719973564148,-74.39929962158203,0.3221549987792969,0.9990360140800476,0.9990360140800476,2.1825499534606934,0.17204700410366058,1.4038100242614746,0.004082030151039362,1.4216599464416504,1.8956700563430786,1.2248300313949585,0.026844900101423264,0.03342369943857193,-0.0006611219723708928,-0.0009688810096122324,0.031550098210573196,1.9610799427027814e-05,0.9346500039100647,4.8672099113464355,0.03047969937324524,1.8512699170969427e-05,4.739180088043213,4.9075300921685994e-05,2.959259973067674e-06,1177550853,128,2112,3,5.8599814881904736e-06
160663145991974465,3314313560000038,132836496560000037,260412457120191,37,3,0,21033656,0.352961048812569,60632,55429.3652283,3867.77001953125,321.6080017089844,0.0025351298972964287,0.0021292499732226133,-0.25618401169776917,-123.78900146484375,314.59918748,43.88646957,0.0006494579720310867,0.0005454790079966187,0.18900999426841736,24.617000579833984,-0.01882299967110157,45.0,1.0998200178146362,0.024467799812555313,1.954889921762515e-05,1.6762299537658691,1.3934199810028076,-9.794750213623047,0.6841269731521606,0.823760986328125,0.8107590079307556,11.103599548339844,0.8500850200653076,1.4383399486541748,-0.008921230211853981,1.0437699556350708,2.0197699069976807,1.284909963607788,0.11374299973249435,-0.032012298703193665,0.011042100377380848,-0.006171159911900759,0.018980499356985092,1.5249500393110793e-05,0.8714619874954224,3.842750072479248,0.02257619984447956,1.6754400348872878e-05,5.049429893493652,4.9236001359531656e-05,2.965889962069923e-06,1714421893,128,0,3,5.8599814881904736e-06
160663145991974465,3314374630000012,133044646630000011,260412457120191,11,3,0,21176763,0.751600490651653,60632,55431.4467411,3740.8798828125,2663.68994140625,0.002107110107317567,0.0021297000348567963,-0.25615400075912476,-63.85749816894531,314.59926566,43.88648604,0.0005397449713200331,0.00054553197696805,2.9845199584960938,24.599000930786133,-0.02647400088608265,45.0,1.1462700366973877,0.022565500810742378,1.8880300558521412e-05,1.3347400426864624,1.2563799619674683,-19.428499221801758,0.33621200919151306,0.7568950057029724,0.3600969910621643,15.232000350952148,0.00284019997343421,0.8211479783058167,-0.004153320100158453,0.8133900165557861,1.885200023651123,1.2052700519561768,0.005897799972444773,-0.002549360040575266,0.009312099777162075,0.001207789988256991,0.017037799581885338,1.4616700354963541e-05,0.8510370254516602,3.07384991645813,0.019911600276827812,1.5995399735402316e-05,4.713009834289551,7.607699808431789e-05,3.875170023093233e-06,640680069,160,32768,3,5.8599814881904736e-06
160663145991974465,3314445630000021,133045820630000020,260412457120191,20,3,0,21178463,0.435877828333413,60632,55431.458467,3742.97998046875,2664.169921875,0.002020349958911538,0.0019809799268841743,-0.2561509907245636,-63.8572998046875,314.59927973,43.88648536,0.0005175149999558926,0.0005074299988336861,4.203120231628418,24.596399307250977,-0.02783999964594841,45.0,1.173110008239746,0.022131599485874176,1.9723200239241123e-05,1.2853000164031982,1.1659499406814575,2.3551700115203857,0.27759799361228943,0.705597996711731,0.390065997838974,17.249300003051758,2.6325700673623942e-05,0.8535990118980408,0.017140399664640427,0.7935280203819275,1.884179949760437,1.1761300563812256,-0.0221267007291317,0.030012300238013268,0.0038375400472432375,0.0005280059995129704,0.015664299950003624,1.4149300113786012e-05,0.8391810059547424,2.8176701068878174,0.018803300336003304,1.5721900126663968e-05,4.710460186004639,7.832360279280692e-05,3.941690010833554e-06,640680069,160,32768,3,5.8599814881904736e-06
